ID;Type;Name;Documentation;SourceId;TargetId;SourceElement;SourceName;TargetElement;TargetName;Business_Application;Application_Business;Business_Business;Application_Application;;;;;;;;;;;;;;;;;;;;;Model;;;Application Layer;;;;;;;;;;;;;;;;;;;
id-9970a01f19ce4f43b68a007b5ef5ab78;AccessRelationship;;;id-d4a6f675a13b44d68b06481ad719af6a;id-07b509b1772747fc9f8fd9ca098b140a;BusinessProcess;From konsultasi Hukum ;BusinessObject;Data Psikolog Hukum;a - NnN - False;a - NnN - False;a - ao - True;a - NnN - False;;;;;;;;;;;;;;;;;;;;;;;;;;;;;;;;;;;;;;;;;;Notasi;Description
id-3ee9f29c97d14bd4ac547c6e62bf0fd9;AccessRelationship;;;id-b1434719ccc841c8bd9f596f30986a84;id-07b509b1772747fc9f8fd9ca098b140a;BusinessProcess;Memilih Pikolog Hukum ;BusinessObject;Data Psikolog Hukum;a - NnN - False;a - NnN - False;a - ao - True;a - NnN - False;;;;;;;;;;;;;;;;;;;;;;;;Application Component;Application Collaboration;Application Interface;Application Interface;Application Interaction;Application Process;Application Event;Application Service;Data Object;;;;;;;;;;a;AccessRelationship
id-690d5eea0937484980132fe73b5561bc;AccessRelationship;;;id-e58cb1cc288a4d8d8ad999fefd10225d;id-068d75db8e684d96b2455acaf7b0289c;ApplicationComponent;From Psikolog Hukum ;DataObject;Data Konsultasi Hukum Online;a - NnN - False;a - NnN - False;a - NnN - False;a - ao - True;;;;;;;;;;;;;;;;;;;;;Business;;Business Actor;fotv;fotv;fotv;fotv;fotv;fotv;fotv;fotv;ao;;;;;;;;;;c;CompositionRelationship
id-a4e8542e4d814795b14f9eb0e7b8b3e6;AssignmentRelationship;;;id-8a601107ca24451ca46de3ceffb058d3;id-baaafeb44ca64770b78339063a1caeb6;BusinessActor;psikolog Hukum Rekan Cerita ;BusinessProcess;Mengkonfirmasi konsultasi ;i - NnN - False;i - NnN - False;i - fiotv - True;i - NnN - False;;;;;;;;;;;;;;;;;;;;;;;Business Role ;fotv;fotv;fotv;fotv;fotv;fotv;fotv;fotv;ao;;;;;;;;;;f;FlowRelationship
id-cca705e0cf544d38a19c3fe145c032d0;AssignmentRelationship;;;id-8a601107ca24451ca46de3ceffb058d3;id-d619be40b5864f038f2f323c627d97d2;BusinessActor;psikolog Hukum Rekan Cerita ;BusinessProcess;Melakukan konsultasi ;i - NnN - False;i - NnN - False;i - fiotv - True;i - NnN - False;;;;;;;;;;;;;;;;;;;;;;;Business Collaboration;fotv;fotv;fotv;fotv;fotv;fotv;fotv;fotv;ao;;;;;;;;;;g;AggregationRelationship
id-6619986e3d844242ace5c9af63ec1772;AssignmentRelationship;;;id-360e3171ce7c425d9c25398d6b4228d0;id-696f99110c334be09e88d98c5c998c93;BusinessActor;Puan ;BusinessFunction;Memfasilitasi Konsultasi Hukum Online;i - NnN - False;i - NnN - False;i - fiotv - True;i - NnN - False;;;;;;;;;;;;;;;;;;;;;;;Business Interface;fotv;fotv;fotv;fotv;fotv;fotv;fotv;fotv;ao;;;;;;;;;;i;AssignmentRelationship
id-9ce1a7c8845b42e5920b72f7884b5436;AssignmentRelationship;;;id-e58cb1cc288a4d8d8ad999fefd10225d;id-5ec0a8a4a6af44c6b32b9e8a65501c6a;ApplicationComponent;From Psikolog Hukum ;ApplicationFunction;Mengisi From Psikolog Hukum ;i - NnN - False;i - NnN - False;i - NnN - False;i - NnN - False;;;;;;;;;;;;;;;;;;;;;;;Business Process;fotv;fotv;fotv;fotv;fotv;fotv;fotv;fotv;ao;;;;;;;;;;n;InfluenceRelationship
id-12223722e2ec411fbc396c7c89234d54;AssignmentRelationship;;;id-2cf35245831e40b4a2bf5919e5dc9596;id-fcd1bc942c9a4ff88d833ce20b9027de;SystemSoftware;DBMS ;TechnologyFunction;Data Konsultasi Hukum Online;i - NnN - False;i - NnN - False;i - NnN - False;i - NnN - False;;;;;;;;;;;;;;;;;;;;;;;Business Function;fotv;fotv;fotv;fotv;fotv;fotv;fotv;fotv;ao;;;;;;;;;;o;AssociationRelationship
id-a3e9bd59b2754edaa4a356d042c8bb23;AssociationRelationship;;;id-70194585fbf144a5abc81d8d2ce69669;id-59da09b6da874f859f95bddf8f324a34;Stakeholder;Psikolog (rekan cerita);Driver;Banyak korban kekerasan perempuan merasa trauma berkepanjangan;o - NnN - False;o - NnN - False;o - NnN - False;o - NnN - False;;;;;;;;;;;;;;;;;;;;;;;Business Interaction;fotv;fotv;fotv;fotv;fotv;fotv;fotv;fotv;ao;;;;;;;;;;r;RealizationRelationship
id-aba05ade64d64da7b8a553cfcefe5e1a;AssociationRelationship;;;id-08440949c3cc4d01987677db22f1e48c;id-664dd449f6644aa1a740b3b6b149307a;Stakeholder;Hukum (rekan hukum);Driver;Banyaknya korban kekerasan pada perempuan yang masih bersembunyi;o - NnN - False;o - NnN - False;o - NnN - False;o - NnN - False;;;;;;;;;;;;;;;;;;;;;;;Business Event;fotv;fotv;fotv;fotv;fotv;fotv;fotv;fotv;ao;;;;;;;;;;s;SpecializationRelationship
id-b4664edde5a64e5bb2ded29f555448f9;AssociationRelationship;;;id-3d6230a994004148a658e97c93a882f9;id-664dd449f6644aa1a740b3b6b149307a;Stakeholder;Puan (end-user);Driver;Banyaknya korban kekerasan pada perempuan yang masih bersembunyi;o - NnN - False;o - NnN - False;o - NnN - False;o - NnN - False;;;;;;;;;;;;;;;;;;;;;;;Business Service;fotv;fotv;fotv;fotv;fotv;fotv;fotv;fotv;ao;;;;;;;;;;t;TriggeringRelationship
id-5da068fd24b8413a9404dc802863b7e4;AssociationRelationship;;;id-3d6230a994004148a658e97c93a882f9;id-59da09b6da874f859f95bddf8f324a34;Stakeholder;Puan (end-user);Driver;Banyak korban kekerasan perempuan merasa trauma berkepanjangan;o - NnN - False;o - NnN - False;o - NnN - False;o - NnN - False;;;;;;;;;;;;;;;;;;;;;;;Business Object;o;o;o;o;o;o;o;o;o;;;;;;;;;;v;ServingRelationship
id-abe2d69fa6fc44c894bae40d84db3462;AssociationRelationship;;;id-3d6230a994004148a658e97c93a882f9;id-02aca920f23440b7a2ad60b9322d4801;Stakeholder;Puan (end-user);Driver;Kebutuhan komunitas yang aman bagi perempuan;o - NnN - False;o - NnN - False;o - NnN - False;o - NnN - False;;;;;;;;;;;;;;;;;;;;;;;Contract;o;o;o;o;o;o;o;o;o;;;;;;;;;;;
id-2d0983cac75543d5b2d7146289700192;AssociationRelationship;;;id-3d6230a994004148a658e97c93a882f9;id-ccd081241d67485a9415d29926b077a3;Stakeholder;Puan (end-user);Driver;Kebutuhan komunitas yang mendukung penyintas kekerasan pada perempuan;o - NnN - False;o - NnN - False;o - NnN - False;o - NnN - False;;;;;;;;;;;;;;;;;;;;;;;Representation;o;o;o;o;o;o;o;o;o;;;;;;;;;;;
id-ff9d4ac1e51848268cbe5d467e0d6540;AssociationRelationship;;;id-0cc7aebc4e7040db9fb6b9eb5c0a7d1b;id-02aca920f23440b7a2ad60b9322d4801;Stakeholder;Penilik;Driver;Kebutuhan komunitas yang aman bagi perempuan;o - NnN - False;o - NnN - False;o - NnN - False;o - NnN - False;;;;;;;;;;;;;;;;;;;;;;;Product;fortv;fortv;fortv;fortv;fortv;fotv;fortv;cfgortv;acgo;;;;;;;;;;;
id-3e10ec708ac1468c8266975e42e5597a;AssociationRelationship;;;id-ce2e0f9ed0d34b8aa005d6cea1cf30a5;id-ccd081241d67485a9415d29926b077a3;Stakeholder;Admin;Driver;Kebutuhan komunitas yang mendukung penyintas kekerasan pada perempuan;o - NnN - False;o - NnN - False;o - NnN - False;o - NnN - False;;;;;;;;;;;;;;;;;;;;;;;;;;;;;;;;;;;;;;;;;;;
id-7106bbd8f81b450c83b28af9ed806869;AssociationRelationship;;;id-664dd449f6644aa1a740b3b6b149307a;id-12f883cde62943609377760175639480;Driver;Banyaknya korban kekerasan pada perempuan yang masih bersembunyi;Assessment;Banyak pelaku kekerasan perempuan masih belum diadili;o - NnN - False;o - NnN - False;o - NnN - False;o - NnN - False;;;;;;;;;;;;;;;;;;;;;;;;;;;;;;;;;;;;;;;;;;;
id-b7875d8ac06f4b0ead2935b43202a3bf;AssociationRelationship;;;id-664dd449f6644aa1a740b3b6b149307a;id-f5380127b57541c19403e1400af336d0;Driver;Banyaknya korban kekerasan pada perempuan yang masih bersembunyi;Goal;Meningkatkan keberanian korban untuk melapor;o - NnN - False;o - NnN - False;o - NnN - False;o - NnN - False;;;;;;;;;;;;;;;;;;;;;Model;;;Business ;;;;;;;;;;;;;;;;;;;
id-c425618d96f74581b008baf06cae2485;AssociationRelationship;;;id-59da09b6da874f859f95bddf8f324a34;id-b05d4404092f4655b6156b6b55da876b;Driver;Banyak korban kekerasan perempuan merasa trauma berkepanjangan;Goal;Meningkatkan keberanian korban untuk bercerita;o - NnN - False;o - NnN - False;o - NnN - False;o - NnN - False;;;;;;;;;;;;;;;;;;;;;;;;;;;;;;;;;;;;;;;;;;;
id-9b043f192b0f4ca2a0816781c320d5f8;AssociationRelationship;;;id-02aca920f23440b7a2ad60b9322d4801;id-8c3fbcf7a50e49b489a56d1d6f25c5e7;Driver;Kebutuhan komunitas yang aman bagi perempuan;Goal;Menciptakan ruang yang mudah diakses dan aman bagi perempuan ;o - NnN - False;o - NnN - False;o - NnN - False;o - NnN - False;;;;;;;;;;;;;;;;;;;;;;;;Business Actor;Business Role ;Business Collaboration;Business Interface;Business Process;Business Function;Business Interaction;Business Event;Business Event;Business Service;Business Object;Contract;Representation;;;;;;;
id-7a083426367c4e14805277ef21f5dc73;AssociationRelationship;;;id-ccd081241d67485a9415d29926b077a3;id-4cc1d6c117664606b9a1e8979bdf0a9c;Driver;Kebutuhan komunitas yang mendukung penyintas kekerasan pada perempuan;Goal;Meningkatkan komunitas yang mendukung korban kekerasan pada perempuan ;o - NnN - False;o - NnN - False;o - NnN - False;o - NnN - False;;;;;;;;;;;;;;;;;;;;;Application;;Application Component;fotv;fotv;fotv;fotv;fortv;fortv;fortv;fortv;fortv;ao;ao;ao;fotv;;;;;;;
id-184df711f0724b0d8c4979df9a57b6fe;AssociationRelationship;;;id-f5380127b57541c19403e1400af336d0;id-3d4a4cb91971421ba526fd27f7015975;Goal;Meningkatkan keberanian korban untuk melapor;Outcome;Minimal sebanyak 50% user Puan telah melakukan pelaporan hukum;o - NnN - False;o - NnN - False;o - NnN - False;o - NnN - False;;;;;;;;;;;;;;;;;;;;;;;Application Collaboration;fotv;fotv;fotv;fotv;fortv;fortv;fortv;fortv;fortv;ao;ao;ao;fotv;;;;;;;
id-30c0d5260486429c9b9d615fde95d682;AssociationRelationship;;;id-b05d4404092f4655b6156b6b55da876b;id-7bda32147fdd4323a1151ed5c15152b4;Goal;Meningkatkan keberanian korban untuk bercerita;Outcome;Minimal sebanyak 75% user Puan telah berkonsultasi pada psikolog;o - NnN - False;o - NnN - False;o - NnN - False;o - NnN - False;;;;;;;;;;;;;;;;;;;;;;;Application Interface;fotv;fotv;fotv;fotv;fortv;fotv;fotv;fortv;fortv;ao;ao;ao;fotv;;;;;;;
id-2b45aea60e884284977167ee511dc205;AssociationRelationship;;;id-8c3fbcf7a50e49b489a56d1d6f25c5e7;id-65f8e872cde54152a75cec10639a3dfe;Goal;Menciptakan ruang yang mudah diakses dan aman bagi perempuan ;Outcome;Meningkatnya pengunggahan artikel minimal sebesar 10% tiap bulannya;o - NnN - False;o - NnN - False;o - NnN - False;o - NnN - False;;;;;;;;;;;;;;;;;;;;;;;Application Function;fotv;fotv;fotv;fotv;fortv;fortv;fortv;fotv;fortv;ao;ao;ao;fotv;;;;;;;
id-86861b9621414971b67773f6fc57c86c;AssociationRelationship;;;id-4cc1d6c117664606b9a1e8979bdf0a9c;id-65f8e872cde54152a75cec10639a3dfe;Goal;Meningkatkan komunitas yang mendukung korban kekerasan pada perempuan ;Outcome;Meningkatnya pengunggahan artikel minimal sebesar 10% tiap bulannya;o - NnN - False;o - NnN - False;o - NnN - False;o - NnN - False;;;;;;;;;;;;;;;;;;;;;;;Application Interaction;fotv;fotv;fotv;fotv;fortv;fortv;fortv;fotv;fortv;ao;ao;ao;fotv;;;;;;;
id-271d4eb64ad84ebe93f30ca2332b8cc0;AssociationRelationship;;;id-3d4a4cb91971421ba526fd27f7015975;id-7253ce2c4c964b08aff809061aa98868;Outcome;Minimal sebanyak 50% user Puan telah melakukan pelaporan hukum;Requirement;Melakukan konsultasi hukum ;o - NnN - False;o - NnN - False;o - NnN - False;o - NnN - False;;;;;;;;;;;;;;;;;;;;;;;Application Process;fotv;fotv;fotv;fotv;fortv;fortv;fortv;fotv;fortv;ao;ao;ao;fotv;;;;;;;
id-9dd3aa49d0ae4cf6b329be86cac9a1ca;AssociationRelationship;;;id-3d4a4cb91971421ba526fd27f7015975;id-1bba207ebcc84841910570a596408606;Outcome;Minimal sebanyak 50% user Puan telah melakukan pelaporan hukum;Requirement;Berdiskusi dengan Pengguna Lain;o - NnN - False;o - NnN - False;o - NnN - False;o - NnN - False;;;;;;;;;;;;;;;;;;;;;;;Application Event;fotv;fotv;fotv;fotv;fotv;fotv;fotv;fortv;fotv;ao;ao;ao;fotv;;;;;;;
id-2869cdc0cd1d4afba7dda77e17061f94;AssociationRelationship;;;id-7bda32147fdd4323a1151ed5c15152b4;id-1bba207ebcc84841910570a596408606;Outcome;Minimal sebanyak 75% user Puan telah berkonsultasi pada psikolog;Requirement;Berdiskusi dengan Pengguna Lain;o - NnN - False;o - NnN - False;o - NnN - False;o - NnN - False;;;;;;;;;;;;;;;;;;;;;;;Application Service;fotv;fotv;fotv;fotv;fotv;fotv;fotv;fotv;fortv;ao;ao;ao;fotv;;;;;;;
id-4508307359654a4e933f4c1eafb61592;AssociationRelationship;;;id-7bda32147fdd4323a1151ed5c15152b4;id-cc4bf288acee4a9c8614e5b9259b6ab3;Outcome;Minimal sebanyak 75% user Puan telah berkonsultasi pada psikolog;Requirement;Memfasilitasi Konsultasi Psikolog Online ;o - NnN - False;o - NnN - False;o - NnN - False;o - NnN - False;;;;;;;;;;;;;;;;;;;;;;;Data Object;o;o;o;o;o;o;o;o;o;or;or;o;o;;;;;;;
id-8ad7cd157e0a4f7faf0aa97d662dfde1;AssociationRelationship;;;id-65f8e872cde54152a75cec10639a3dfe;id-407ed7ed6b8e4c198eb424cb763d7a79;Outcome;Meningkatnya pengunggahan artikel minimal sebesar 10% tiap bulannya;Requirement;Penulisan Artikel dan Riwayat Artikel;o - NnN - False;o - NnN - False;o - NnN - False;o - NnN - False;;;;;;;;;;;;;;;;;;;;;;;;;;;;;;;;;;;;;;;;;;;
id-d560a2618a974f38ab807436c8c444d1;AssociationRelationship;;;id-65f8e872cde54152a75cec10639a3dfe;id-e5c12872d32e43b39e703ecab6587765;Outcome;Meningkatnya pengunggahan artikel minimal sebesar 10% tiap bulannya;Requirement;Membaca Artikel & Memberikan Komentar;o - NnN - False;o - NnN - False;o - NnN - False;o - NnN - False;;;;;;;;;;;;;;;;;;;;;;;;;;;;;;;;;;;;;;;;;;;
id-e92c387ddbc74698b5dc03625a1f3303;AssociationRelationship;;;id-b1434719ccc841c8bd9f596f30986a84;id-c2b06a4eeb51423baa2afd28d3659691;BusinessProcess;Memilih Pikolog Hukum ;BusinessProcess;Memilih tanggal, jam, durasi;o - NnN - False;o - NnN - False;o - fotv - True;o - NnN - False;;;;;;;;;;;;;;;;;;;;;Model;;;Business;;;;;;;;;;;;;;;;;;;
id-747c180768c148349e1f92002db94f9f;AssociationRelationship;;;id-3e1925bfcdad444b99106c43632e6adc;id-7cac5fdd626f4f98a132445ff9dde688;Node;Website server ;CommunicationNetwork;Wireless Network;o - NnN - False;o - NnN - False;o - NnN - False;o - NnN - False;;;;;;;;;;;;;;;;;;;;;;;;;;;;;;;;;;;;;;;;;;;
id-695be1920c214a0b9fa1bd335cd40981;CompositionRelationship;;;id-696f99110c334be09e88d98c5c998c93;id-d4a6f675a13b44d68b06481ad719af6a;BusinessFunction;Memfasilitasi Konsultasi Hukum Online;BusinessProcess;From konsultasi Hukum ;c - NnN - False;c - NnN - False;c - cfgostv - True;c - NnN - False;;;;;;;;;;;;;;;;;;;;;;;;Business Actor;Business Role ;Business Collaboration;Business Interface;Business Process;Business Function;Business Interaction;Business Event;Business Event;Business Service;Business Object;Contract;Representation;;;;;;;
id-163099c11b8f40e29f6b0fd81f256cc2;CompositionRelationship;;;id-d4a6f675a13b44d68b06481ad719af6a;id-b1434719ccc841c8bd9f596f30986a84;BusinessProcess;From konsultasi Hukum ;BusinessProcess;Memilih Pikolog Hukum ;c - NnN - False;c - NnN - False;c - fotv - False;c - NnN - False;;;;;;;;;;;;;;;;;;;;;Business;;Business Actor;cfgostv;fiotv;fotv;cfgiotv;fiotv;fiotv;fiotv ;fiotv ;fiortv;ao;ao;ao;fotv;;;;;;;
id-cba746f0abb3416eb4db3492c5a9a990;CompositionRelationship;;;id-d4a6f675a13b44d68b06481ad719af6a;id-c2b06a4eeb51423baa2afd28d3659691;BusinessProcess;From konsultasi Hukum ;BusinessProcess;Memilih tanggal, jam, durasi;c - NnN - False;c - NnN - False;c - fotv - False;c - NnN - False;;;;;;;;;;;;;;;;;;;;;;;Business Role ;fotv;cfgostv;fotv;cfgiotv;fiotv;fiotv;fiotv ;fiotv ;fiortv;ao;ao;ao;fotv;;;;;;;
id-38a9dece5ff741e78a184ed46d9f108c;CompositionRelationship;;;id-696f99110c334be09e88d98c5c998c93;id-baaafeb44ca64770b78339063a1caeb6;BusinessFunction;Memfasilitasi Konsultasi Hukum Online;BusinessProcess;Mengkonfirmasi konsultasi ;c - NnN - False;c - NnN - False;c - cfgostv - True;c - NnN - False;;;;;;;;;;;;;;;;;;;;;;;Business Collaboration;fgotv;fgiotv;cfgostv;cfgiotv;;fiotv;fiotv ;fiotv ;fiortv;ao;ao;ao;fotv;;;;;;;
id-4125bf2241f744088b70cab14c5e1108;CompositionRelationship;;;id-696f99110c334be09e88d98c5c998c93;id-d619be40b5864f038f2f323c627d97d2;BusinessFunction;Memfasilitasi Konsultasi Hukum Online;BusinessProcess;Melakukan konsultasi ;c - NnN - False;c - NnN - False;c - cfgostv - True;c - NnN - False;;;;;;;;;;;;;;;;;;;;;;;Business Interface;fotv;fotv;fotv;cfgiotv;fiotv;fotv;fotv;fotv;fiotv;ao;ao;ao;fotv;;;;;;;
id-33adbcca16324914835a22ce20215672;CompositionRelationship;;;id-696f99110c334be09e88d98c5c998c93;id-9f6143b8dec14727bb3e470b4f390101;BusinessFunction;Memfasilitasi Konsultasi Hukum Online;BusinessProcess;Konsultasi Via chat dan via Video Chat ;c - NnN - False;c - NnN - False;c - cfgostv - True;c - NnN - False;;;;;;;;;;;;;;;;;;;;;;;Business Process;fotv;fotv;fotv;fotv;fotv;cfgotv;cfgotv;fotv;fortv;ao;ao;ao;fotv;;;;;;;
id-94eed40f5ecc4e59af56d7661255b743;CompositionRelationship;;;id-3e1925bfcdad444b99106c43632e6adc;id-2cf35245831e40b4a2bf5919e5dc9596;Node;Website server ;SystemSoftware;DBMS ;c - NnN - False;c - NnN - False;c - NnN - False;c - NnN - False;;;;;;;;;;;;;;;;;;;;;;;Business Function;fotv;fotv;fotv;fotv;cfgostv;cfgostv;cfgotv;fotv;fortv;ao;ao;ao;fotv;;;;;;;
id-97578cc832a74b31b7651015af382601;CompositionRelationship;;;id-3e1925bfcdad444b99106c43632e6adc;id-9d067f415c3f43ecbca6d6447a05065f;Node;Website server ;Device;Personal Computer ;c - NnN - False;c - NnN - False;c - NnN - False;c - NnN - False;;;;;;;;;;;;;;;;;;;;;;;Business Interaction;fotv;fotv;fotv;fotv;cfgotv;cfgotv;cfgostv;fotv;fortv;ao;ao;ao;fotv;;;;;;;
id-f899b35a73a448fb863fe295970d7712;CompositionRelationship;;;id-3e1925bfcdad444b99106c43632e6adc;id-1466fadfd6054217ba784bf9a53b9da3;Node;Website server ;TechnologyInterface;Website ;c - NnN - False;c - NnN - False;c - NnN - False;c - NnN - False;;;;;;;;;;;;;;;;;;;;;;;Business Event;fotv;fotv;fotv;fotv;cfgotv;fotv;fotv;cfgostv;fotv;ao;ao;ao;fotv;;;;;;;
id-ce832b61dc0d4ff8a86f684ae5a2a829;FlowRelationship;;;id-d4a6f675a13b44d68b06481ad719af6a;id-e8773ac2444b4a1c8106d49113572834;BusinessProcess;From konsultasi Hukum ;BusinessEvent;Submission from berhasil ;f - NnN - False;f - NnN - False;f - fotv - True;f - NnN - False;;;;;;;;;;;;;;;;;;;;;;;Business Service;fotv;fotv;fotv;fotv;fotv;fotv;fotv;fotv;cfgostv;ao;ao;ao;fotv;;;;;;;
id-0db5da58e8b84a919d167a84ab3e43f1;FlowRelationship;;;id-e8773ac2444b4a1c8106d49113572834;id-baaafeb44ca64770b78339063a1caeb6;BusinessEvent;Submission from berhasil ;BusinessProcess;Mengkonfirmasi konsultasi ;f - NnN - False;f - NnN - False;f - cfgotv - True;f - NnN - False;;;;;;;;;;;;;;;;;;;;;;;Business Object;o;o;0;o;o;o;o;o;o;cgos;cgos;o;o;;;;;;;
id-f02ba40916884b0ca0378ba7f21842bb;FlowRelationship;;;id-baaafeb44ca64770b78339063a1caeb6;id-d619be40b5864f038f2f323c627d97d2;BusinessProcess;Mengkonfirmasi konsultasi ;BusinessProcess;Melakukan konsultasi ;f - NnN - False;f - NnN - False;f - fotv - True;f - NnN - False;;;;;;;;;;;;;;;;;;;;;;;Contract;o;o;o;o;o;o;o;o;o;cgos;cgos;o;o;;;;;;;
id-8c42e8c355ac4348ad2fe214872054df;RealizationRelationship;;;id-fcd1bc942c9a4ff88d833ce20b9027de;id-eea182ad88754a5b9f48846691e5eb38;TechnologyFunction;Data Konsultasi Hukum Online;TechnologyService;Memfasilitasi  Hukum Online ;r - NnN - False;r - NnN - False;r - NnN - False;r - NnN - False;;;;;;;;;;;;;;;;;;;;;;;Representation;o;0;o;o;o;o;o;o;o;or;or;cgos;o;;;;;;;
id-d6d5c1570e8244cba0f42c27f4f25fcc;ServingRelationship;;;id-be82fe3dedb94b4e979a13ab81d534ff;id-a3b7d2a16b8742f3952b6fab5a644851;ApplicationInterface;Website Lingkar Puan;ApplicationEvent;Memfasilitas Hukum Online  ;v - NnN - False;v - NnN - False;v - NnN - False;v - fotv - True;;;;;;;;;;;;;;;;;;;;;;;Product;fotv;fotv;o;fortv;fortv;fortv;fortv;fortv;cfgortv;acgo;acgo;acgo;cfgostv;;;;;;;
id-88e0148d0b514ed1b4e87ff9a10e36a1;SpecializationRelationship;;;id-d619be40b5864f038f2f323c627d97d2;id-9f6143b8dec14727bb3e470b4f390101;BusinessProcess;Melakukan konsultasi ;BusinessProcess;Konsultasi Via chat dan via Video Chat ;s - NnN - False;s - NnN - False;s - fotv - False;s - NnN - False;;;;;;;;;;;;;;;;;;;;;;;;;;;;;;;;;;;;;;;;;;;
id-94580fc1a3e34fab87dee7913197284d;SpecializationRelationship;;;id-9f6143b8dec14727bb3e470b4f390101;id-d619be40b5864f038f2f323c627d97d2;BusinessProcess;Konsultasi Via chat dan via Video Chat ;BusinessProcess;Melakukan konsultasi ;s - NnN - False;s - NnN - False;s - fotv - False;s - NnN - False;;;;;;;;;;;;;;;;;;;;;;;;;;;;;;;;;;;;;;;;;;;
id-6ab94f74c26c4c308d5f09004af5f7d2;TriggeringRelationship;;;id-a3b7d2a16b8742f3952b6fab5a644851;id-e58cb1cc288a4d8d8ad999fefd10225d;ApplicationEvent;Memfasilitas Hukum Online  ;ApplicationComponent;From Psikolog Hukum ;t - NnN - False;t - NnN - False;t - NnN - False;t - fotv - True;;;;;;;;;;;;;;;;;;;;;Model;;;Application ;;;;;;;;;;;;;;;;;;;
;;;;;;;;;;;;;;;;;;;;;;;;;;;;;;;;;;;;;;;;;;;;;;;;;;;;;;;;
;;;;;;;;;;;;;;;;;;;;;;;;;;;;;;;;;;;;;Application Component;Application Collaboration;Application Interface;Application Interface;Application Interaction;Application Process;Application Event;Application Service;Data Object;;;;;;;;;;;
;;;;;;;;;;;;;;;;;;;;;;;;;;;;;;;;;;Application;;Application Component;cfgorstv;fotv;cfgortv;fiortv;fiortv;fiortv;fiortv;fiortv;ao;;;;;;;;;;;
;;;;;;;;;;;;;;;;;;;;;;;;;;;;;;;;;;;;Application Collaboration;fgortv;cfgostv;cfgortv;fiortv;fiortv;fiortv;fiortv;fiortv;ao;;;;;;;;;;;
;;;;;;;;;;;;;;;;;;;;;;;;;;;;;;;;;;;;Application Interface;fotv;fotv;cfgostv;fotv;fotv;fotv;fotv;fiotv;ao;;;;;;;;;;;
;;;;;;;;;;;;;;;;;;;;;;;;;;;;;;;;;;;;Application Interface;fotv;fotv;fotv;cfgostv;cfgotv;cfgotv;fotv;fiotv;ao;;;;;;;;;;;
;;;;;;;;;;;;;;;;;;;;;;;;;;;;;;;;;;;;Application Interaction;fotv;fotv;fotv;cfgotv;cfgostv;cfgotv;fotv;fiotv;ao;;;;;;;;;;;
;;;;;;;;;;;;;;;;;;;;;;;;;;;;;;;;;;;;Application Process;fotv;fotv;fotv;cfgotv;cfgotv;cfgostv;fotv;fiotv;ao;;;;;;;;;;;
;;;;;;;;;;;;;;;;;;;;;;;;;;;;;;;;;;;;Application Event;fotv;fotv;fotv;fotv;fotv;fotv;cfgostv;fotv;ao;;;;;;;;;;;
;;;;;;;;;;;;;;;;;;;;;;;;;;;;;;;;;;;;Application Service;fotv;fotv;fotv;fotv;fotv;fotv;fotv;cfgostv;ao;;;;;;;;;;;
;;;;;;;;;;;;;;;;;;;;;;;;;;;;;;;;;;;;Data Object;o;o;o;o;o;o;o;o;cgos;;;;;;;;;;;
;;;;;;;;;;;;;;;;;;;;;;;;;;;;;;;;;;;;;;;;;;;;;;;;;;;;;;;;
;;;;;;;;;;;;;;;;;;;;;;;;;;;;;;;;;;;;;;;;;;;;;;;;;;;;;;;;
;;;;;;;;;;;;;;;;;;;;;;;;;;;;;;;;;;;;;;;;;;;;;;;;;;;;;;;;
;;;;;;;;;;;;;;;;;;;;;;;;;;;;;;;;;;;;;;;;;;;;;;;;;;;;;;;;
;;;;;;;;;;;;;;;;;;;;;;;;;;;;;;;;;;;;;;;;;;;;;;;;;;;;;;;;
;;;;;;;;;;;;;;;;;;;;;;;;;;;;;;;;;;;;;;;;;;;;;;;;;;;;;;;;
;;;;;;;;;;;;;;;;;;;;;;;;;;;;;;;;;;;;;;;;;;;;;;;;;;;;;;;;
;;;;;;;;;;;;;;;;;;;;;;;;;;;;;;;;;;;;;;;;;;;;;;;;;;;;;;;;
;;;;;;;;;;;;;;;;;;;;;;;;;;;;;;;;;;;;;;;;;;;;;;;;;;;;;;;;
;;;;;;;;;;;;;;;;;;;;;;;;;;;;;;;;;;;;;;;;;;;;;;;;;;;;;;;;
;;;;;;;;;;;;;;;;;;;;;;;;;;;;;;;;;;;;;;;;;;;;;;;;;;;;;;;;
;;;;;;;;;;;;;;;;;;;;;;;;;;;;;;;;;;;;;;;;;;;;;;;;;;;;;;;;
;;;;;;;;;;;;;;;;;;;;;;;;;;;;;;;;;;;;;;;;;;;;;;;;;;;;;;;;
;;;;;;;;;;;;;;;;;;;;;;;;;;;;;;;;;;;;;;;;;;;;;;;;;;;;;;;;
;;;;;;;;;;;;;;;;;;;;;;;;;;;;;;;;;;;;;;;;;;;;;;;;;;;;;;;;
;;;;;;;;;;;;;;;;;;;;;;;;;;;;;;;;;;;;;;;;;;;;;;;;;;;;;;;;
;;;;;;;;;;;;;;;;;;;;;;;;;;;;;;;;;;;;;;;;;;;;;;;;;;;;;;;;
;;;;;;;;;;;;;;;;;;;;;;;;;;;;;;;;;;;;;;;;;;;;;;;;;;;;;;;;
;;;;;;;;;;;;;;;;;;;;;;;;;;;;;;;;;;;;;;;;;;;;;;;;;;;;;;;;
;;;;;;;;;;;;;;;;;;;;;;;;;;;;;;;;;;;;;;;;;;;;;;;;;;;;;;;;
;;;;;;;;;;;;;;;;;;;;;;;;;;;;;;;;;;;;;;;;;;;;;;;;;;;;;;;;
;;;;;;;;;;;;;;;;;;;;;;;;;;;;;;;;;;;;;;;;;;;;;;;;;;;;;;;;
;;;;;;;;;;;;;;;;;;;;;;;;;;;;;;;;;;;;;;;;;;;;;;;;;;;;;;;;
;;;;;;;;;;;;;;;;;;;;;;;;;;;;;;;;;;;;;;;;;;;;;;;;;;;;;;;;
;;;;;;;;;;;;;;;;;;;;;;;;;;;;;;;;;;;;;;;;;;;;;;;;;;;;;;;;
;;;;;;;;;;;;;;;;;;;;;;;;;;;;;;;;;;;;;;;;;;;;;;;;;;;;;;;;
;;;;;;;;;;;;;;;;;;;;;;;;;;;;;;;;;;;;;;;;;;;;;;;;;;;;;;;;
;;;;;;;;;;;;;;;;;;;;;;;;;;;;;;;;;;;;;;;;;;;;;;;;;;;;;;;;
;;;;;;;;;;;;;;;;;;;;;;;;;;;;;;;;;;;;;;;;;;;;;;;;;;;;;;;;
;;;;;;;;;;;;;;;;;;;;;;;;;;;;;;;;;;;;;;;;;;;;;;;;;;;;;;;;
;;;;;;;;;;;;;;;;;;;;;;;;;;;;;;;;;;;;;;;;;;;;;;;;;;;;;;;;
;;;;;;;;;;;;;;;;;;;;;;;;;;;;;;;;;;;;;;;;;;;;;;;;;;;;;;;;
;;;;;;;;;;;;;;;;;;;;;;;;;;;;;;;;;;;;;;;;;;;;;;;;;;;;;;;;
;;;;;;;;;;;;;;;;;;;;;;;;;;;;;;;;;;;;;;;;;;;;;;;;;;;;;;;;
;;;;;;;;;;;;;;;;;;;;;;;;;;;;;;;;;;;;;;;;;;;;;;;;;;;;;;;;
;;;;;;;;;;;;;;;;;;;;;;;;;;;;;;;;;;;;;;;;;;;;;;;;;;;;;;;;
;;;;;;;;;;;;;;;;;;;;;;;;;;;;;;;;;;;;;;;;;;;;;;;;;;;;;;;;
;;;;;;;;;;;;;;;;;;;;;;;;;;;;;;;;;;;;;;;;;;;;;;;;;;;;;;;;
